,Chain,Name,Buyer,This Year Sales,Last Year Sales,Total Sales Var %,Total Sales Var
0,Fashions Direct,Washington Fashions Direct,"Perkins, Thor",$52529,$48287,8.78%,$4242
1,Fashions Direct,Winchester Fashions Direct,"Buchanan, Alma",$41041,$50580,-18.86%,($9539)
2,Fashions Direct,Washington Fashions Direct,"Nelson, Leandra",$40526,$47083,-13.93%,($6557)
3,Fashions Direct,Winchester Fashions Direct,"Mendez, Jerry",$38381,$56371,-31.91%,($17991)
4,Fashions Direct,Winchester Fashions Direct,"Wood, Jana",$37802,$35950,5.15%,$1852
5,Fashions Direct,Monroeville Fashions Direct,"Nelson, Leandra",$37596,$32457,15.83%,$5139
6,Fashions Direct,Sharonville Fashions Direct,"Buchanan, Alma",$37317,$40850,-8.65%,($3532)
7,Fashions Direct,Winchester Fashions Direct,"Gentry, Elizabeth",$37051,$13981,165.00%,$23069
8,Fashions Direct,Washington Fashions Direct,"Buchanan, Alma",$35492,$47437,-25.18%,($11945)
9,Fashions Direct,Monroeville Fashions Direct,"Buchanan, Alma",$34872,$45260,-22.95%,($10388)
10,Fashions Direct,Winchester Fashions Direct,"Rodriguez, Calista",$34499,$22762,51.56%,$11737
11,Fashions Direct,Winchester Fashions Direct,"Nelson, Leandra",$32533,$30727,5.88%,$1806
12,Fashions Direct,Washington Fashions Direct,"Robertson, Lillith",$32299,$47405,-31.87%,($15106)
13,Fashions Direct,Monroeville Fashions Direct,"Mendez, Jerry",$32062,$36127,-11.25%,($4065)
14,Fashions Direct,Washington Fashions Direct,"Mendez, Jerry",$31821,$43068,-26.12%,($11248)
15,Fashions Direct,York Fashions Direct,"Buchanan, Alma",$31643,$37624,-15.90%,($5981)
16,Fashions Direct,Sharonville Fashions Direct,"Gentry, Elizabeth",$31243,$9464,230.13%,$21779
17,Fashions Direct,Sharonville Fashions Direct,"Mendez, Jerry",$30948,$34972,-11.51%,($4024)
18,Fashions Direct,Winchester Fashions Direct,"Perkins, Thor",$30947,$34447,-10.16%,($3501)
19,Fashions Direct,Sharonville Fashions Direct,"Perkins, Thor",$29474,$24085,22.37%,$5389
20,Fashions Direct,Monroeville Fashions Direct,"Wood, Jana",$29271,$29066,0.70%,$205
21,Fashions Direct,Monroeville Fashions Direct,"Perkins, Thor",$28735,$28128,2.16%,$607
22,Fashions Direct,Washington Fashions Direct,"Gentry, Elizabeth",$28353,$8006,254.14%,$20347
23,Fashions Direct,Sharonville Fashions Direct,"Wood, Jana",$27994,$25390,10.25%,$2604
24,Fashions Direct,Winchester Fashions Direct,"Robertson, Lillith",$26687,$26121,2.17%,$566
25,Fashions Direct,Sharonville Fashions Direct,"Nelson, Leandra",$26528,$29423,-9.84%,($2896)
26,Fashions Direct,Monroeville Fashions Direct,"Gentry, Elizabeth",$25209,$5932,324.97%,$19277
27,Fashions Direct,Winchester Fashions Direct,"Mccray, Nayda",$24039,$10301,133.37%,$13739
28,Fashions Direct,Sharonville Fashions Direct,"Watson, Skyler",$23986,$19026,26.07%,$4959
29,Fashions Direct,York Fashions Direct,"Gentry, Elizabeth",$23932,$7581,215.68%,$16351
30,Fashions Direct,Washington Fashions Direct,"Rodriguez, Calista",$23907,$18645,28.22%,$5262
31,Fashions Direct,Washington Fashions Direct,"Mckenzie, Aphrodite",$23806,$21205,12.27%,$2602
32,Fashions Direct,Winchester Fashions Direct,"Mckenzie, Aphrodite",$23731,$23059,2.91%,$671
33,Fashions Direct,York Fashions Direct,"Mendez, Jerry",$23337,$29633,-21.24%,($6295)
34,Fashions Direct,Washington Fashions Direct,"Wood, Jana",$22567,$21142,6.74%,$1425
35,Fashions Direct,York Fashions Direct,"Wood, Jana",$21897,$20023,9.36%,$1875
36,Fashions Direct,Monroeville Fashions Direct,"Robertson, Lillith",$21222,$25269,-16.01%,($4046)
37,Fashions Direct,Monroeville Fashions Direct,"Mckenzie, Aphrodite",$21077,$23969,-12.06%,($2891)
38,Fashions Direct,York Fashions Direct,"Perkins, Thor",$21052,$17852,17.93%,$3201
39,Fashions Direct,Sharonville Fashions Direct,"Rodriguez, Calista",$20810,$17312,20.20%,$3498
40,Fashions Direct,Winchester Fashions Direct,"Watson, Skyler",$20123,$28480,-29.34%,($8357)
41,Fashions Direct,Winchester Fashions Direct,"Pierce, Amery",$19390,,,$19390
42,Fashions Direct,York Fashions Direct,"Nelson, Leandra",$19323,$19773,-2.28%,($450)
43,Fashions Direct,Monroeville Fashions Direct,"Rodriguez, Calista",$19302,$22664,-14.84%,($3362)
44,Fashions Direct,Sharonville Fashions Direct,"Mckenzie, Aphrodite",$19166,$19500,-1.71%,($334)
45,Fashions Direct,Sharonville Fashions Direct,"Pierce, Amery",$18903,,,$18903
46,Fashions Direct,York Fashions Direct,"Rodriguez, Calista",$18533,$19391,-4.43%,($858)
47,Fashions Direct,Sharonville Fashions Direct,"Robertson, Lillith",$18394,$22342,-17.67%,($3948)
48,Fashions Direct,Winchester Fashions Direct,"Gardner, Pascale",$18181,$16597,9.54%,$1584
49,Fashions Direct,Sharonville Fashions Direct,"Mccray, Nayda",$18155,$10303,76.21%,$7852
50,Fashions Direct,Monroeville Fashions Direct,"Petty, Perry",$17675,,,$17675
51,Fashions Direct,Winchester Fashions Direct,"Kelley, Courtney",$17639,$11540,52.85%,$6099
52,Fashions Direct,Washington Fashions Direct,"Mccray, Nayda",$17465,$6937,151.78%,$10529
53,Fashions Direct,Washington Fashions Direct,"Pierce, Amery",$17392,,,$17392
54,Fashions Direct,Monroeville Fashions Direct,"Watson, Skyler",$17009,$18756,-9.32%,($1747)
55,Fashions Direct,Monroeville Fashions Direct,"Mccray, Nayda",$16977,$8895,90.87%,$8083
56,Fashions Direct,Washington Fashions Direct,"Gardner, Pascale",$16818,$17921,-6.15%,($1103)
57,Fashions Direct,Winchester Fashions Direct,"Mendez, Emerald",$16528,,,$16528
58,Fashions Direct,Washington Fashions Direct,"Petty, Perry",$16173,,,$16173
59,Fashions Direct,York Fashions Direct,"Mckenzie, Aphrodite",$16009,$16111,-0.63%,($102)
60,Fashions Direct,Winchester Fashions Direct,"Petty, Perry",$15953,,,$15953
61,Lindseys,Wilson Lindseys,"Rodriguez, Calista",$15787,$8417,87.57%,$7371
62,Fashions Direct,Winchester Fashions Direct,"Whitley, Blair",$15184,$9749,55.76%,$5436
63,Fashions Direct,Sharonville Fashions Direct,"Mendez, Emerald",$14891,,,$14891
64,Fashions Direct,York Fashions Direct,"Mendez, Emerald",$14706,,,$14706
65,Fashions Direct,Monroeville Fashions Direct,"Pierce, Amery",$14561,,,$14561
66,Fashions Direct,York Fashions Direct,"Pierce, Amery",$14198,,,$14198
67,Fashions Direct,Cincinnati 2 Fashions Direct,"Gentry, Elizabeth",$13820,$5565,148.35%,$8255
68,Fashions Direct,York Fashions Direct,"Mccray, Nayda",$13661,$10594,28.95%,$3067
69,Fashions Direct,Sharonville Fashions Direct,"Petty, Perry",$13629,,,$13629
70,Fashions Direct,Monroeville Fashions Direct,"Gardner, Pascale",$13605,$11682,16.46%,$1923
71,Fashions Direct,York Fashions Direct,"Watson, Skyler",$13233,$20249,-34.65%,($7016)
72,Fashions Direct,Washington Fashions Direct,"Mendez, Emerald",$13154,,,$13154
73,Fashions Direct,Sharonville Fashions Direct,"Gardner, Pascale",$13143,$13285,-1.07%,($142)
74,Fashions Direct,Washington Fashions Direct,"Watson, Skyler",$12769,$18279,-30.15%,($5511)
75,Fashions Direct,Cincinnati 2 Fashions Direct,"Perkins, Thor",$12656,$8740,44.80%,$3916
76,Fashions Direct,Washington Fashions Direct,"Whitley, Blair",$12551,$9399,33.54%,$3152
77,Fashions Direct,Monroeville Fashions Direct,"Whitley, Blair",$12436,$9277,34.05%,$3159
78,Fashions Direct,Cincinnati 2 Fashions Direct,"Nelson, Leandra",$12258,$11676,4.98%,$582
79,Fashions Direct,York Fashions Direct,"Robertson, Lillith",$12233,$20870,-41.39%,($8638)
80,Fashions Direct,Monroeville Fashions Direct,"Kelley, Courtney",$11687,$9469,23.43%,$2218
81,Fashions Direct,Sharonville Fashions Direct,"Kelley, Courtney",$10906,$13388,-18.53%,($2481)
82,Lindseys,Ft. Oglethorpe Lindseys,"Rodriguez, Calista",$10784,$10820,-0.33%,($36)
83,Fashions Direct,York Fashions Direct,"Petty, Perry",$10735,,,$10735
84,Fashions Direct,Cincinnati 2 Fashions Direct,"Buchanan, Alma",$10604,$13671,-22.44%,($3068)
85,Fashions Direct,Sharonville Fashions Direct,"Whitley, Blair",$10402,$9406,10.59%,$996
86,Lindseys,Ft. Oglethorpe Lindseys,"Buchanan, Alma",$10202,$5094,100.30%,$5109
87,Lindseys,Wilson Lindseys,"Buchanan, Alma",$10177,$6028,68.83%,$4149
88,Fashions Direct,Cincinnati 2 Fashions Direct,"Mendez, Jerry",$10101,$13700,-26.27%,($3599)
89,Fashions Direct,Cincinnati 2 Fashions Direct,"Mendez, Emerald",$10010,,,$10010
90,Fashions Direct,Washington Fashions Direct,"Carr, Slade",$9934,$12229,-18.77%,($2295)
91,Fashions Direct,Winchester Fashions Direct,"Carr, Slade",$9613,$11388,-15.59%,($1775)
92,Fashions Direct,York Fashions Direct,"Gardner, Pascale",$9290,$12407,-25.13%,($3117)
93,Fashions Direct,Sharonville Fashions Direct,"Carr, Slade",$9206,$17727,-48.06%,($8520)
94,Lindseys,Knoxville Lindseys,"Rodriguez, Calista",$9206,$10652,-13.57%,($1445)
95,Fashions Direct,Cincinnati 2 Fashions Direct,"Wood, Jana",$9115,$6324,44.13%,$2791
96,Fashions Direct,York Fashions Direct,"Carr, Slade",$8956,$13521,-33.76%,($4564)
97,Lindseys,Wilson Lindseys,"Mendez, Jerry",$8783,$11091,-20.80%,($2307)
98,Fashions Direct,Winchester Fashions Direct,"Thomas, Shellie",$8725,,,$8725
99,Fashions Direct,Washington Fashions Direct,"Kelley, Courtney",$8694,$8317,4.53%,$377
100,Fashions Direct,York Fashions Direct,"Whitley, Blair",$8350,$6661,25.36%,$1689
101,Fashions Direct,Washington Fashions Direct,"Thomas, Shellie",$8347,,,$8347
102,Fashions Direct,Washington Fashions Direct,"Garcia, Jeremy",$8308,$12532,-33.70%,($4224)
103,Fashions Direct,York Fashions Direct,"Kelley, Courtney",$8212,$10709,-23.32%,($2497)
104,Fashions Direct,Cincinnati 2 Fashions Direct,"Rodriguez, Calista",$8128,$11133,-26.99%,($3005)
105,Fashions Direct,Cincinnati 2 Fashions Direct,"Watson, Skyler",$7929,$11318,-29.94%,($3389)
106,Fashions Direct,Monroeville Fashions Direct,"Mendez, Emerald",$7660,,,$7660
107,Lindseys,Wilson Lindseys,"Watson, Skyler",$6387,$3945,61.91%,$2442
108,Lindseys,Wilson Lindseys,"Wood, Jana",$6323,$8174,-22.64%,($1851)
109,Fashions Direct,Monroeville Fashions Direct,"Thomas, Shellie",$6247,,,$6247
110,Fashions Direct,Sharonville Fashions Direct,"Thomas, Shellie",$6107,,,$6107
111,Lindseys,Wilson Lindseys,"Kelley, Courtney",$5916,$5054,17.05%,$862
112,Fashions Direct,Winchester Fashions Direct,"Hubbard, Quintessa",$5376,$13373,-59.80%,($7997)
113,Fashions Direct,York Fashions Direct,"Thomas, Shellie",$5343,,,$5343
114,Fashions Direct,Winchester Fashions Direct,"Garcia, Jeremy",$5120,$4239,20.79%,$881
115,Fashions Direct,York Fashions Direct,"Long, Amy",$5115,,,$5115
116,Fashions Direct,Cincinnati 2 Fashions Direct,"Mckenzie, Aphrodite",$5094,$6764,-24.70%,($1671)
117,Fashions Direct,Monroeville Fashions Direct,"Carr, Slade",$4924,$10779,-54.32%,($5855)
118,Fashions Direct,Washington Fashions Direct,"Barrett, Galvin",$4578,,,$4578
119,Fashions Direct,York Fashions Direct,"Garcia, Jeremy",$4545,$2790,62.87%,$1754
120,Fashions Direct,Sharonville Fashions Direct,"Garcia, Jeremy",$4519,$3873,16.67%,$646
121,Lindseys,Wilson Lindseys,"Pierce, Amery",$4514,,,$4514
122,Fashions Direct,Monroeville Fashions Direct,"Garcia, Jeremy",$4460,$3521,26.67%,$939
123,Lindseys,Knoxville Lindseys,"Buchanan, Alma",$4342,$3482,24.70%,$860
124,Fashions Direct,Cincinnati 2 Fashions Direct,"Whitley, Blair",$4302,$3980,8.10%,$322
125,Lindseys,Wilson Lindseys,"Gentry, Elizabeth",$4194,$689,509.10%,$3506
126,Fashions Direct,Winchester Fashions Direct,"Monroe, Cody",$4165,$6491,-35.84%,($2326)
127,Fashions Direct,Cincinnati 2 Fashions Direct,"Mccray, Nayda",$4142,$6754,-38.68%,($2612)
128,Fashions Direct,Cincinnati 2 Fashions Direct,"Pierce, Amery",$4125,,,$4125
129,Lindseys,Wilson Lindseys,"Mckenzie, Aphrodite",$4092,$5580,-26.66%,($1488)
130,Fashions Direct,Monroeville Fashions Direct,"Monroe, Cody",$4081,$6427,-36.50%,($2346)
131,Lindseys,Ft. Oglethorpe Lindseys,"Kelley, Courtney",$4050,$2926,38.43%,$1124
132,Fashions Direct,Washington Fashions Direct,"Long, Amy",$4050,,,$4050
133,Fashions Direct,Cincinnati 2 Fashions Direct,"Robertson, Lillith",$4005,$9398,-57.38%,($5392)
134,Fashions Direct,Cincinnati 2 Fashions Direct,"Gardner, Pascale",$3793,$3769,0.65%,$24
135,Lindseys,Wilson Lindseys,"Whitley, Blair",$3725,$2496,49.26%,$1229
136,Fashions Direct,Cincinnati 2 Fashions Direct,"Carr, Slade",$3719,$5155,-27.86%,($1436)
137,Lindseys,Knoxville Lindseys,"Mendez, Jerry",$3603,$7544,-52.23%,($3940)
138,Lindseys,Ft. Oglethorpe Lindseys,"Pierce, Amery",$3535,,,$3535
139,Fashions Direct,Cincinnati 2 Fashions Direct,"Nguyen, Cecilia",$3500,$39,8881.27%,$3461
140,Fashions Direct,Sharonville Fashions Direct,"Barrett, Galvin",$3423,,,$3423
141,Lindseys,Ft. Oglethorpe Lindseys,"Wood, Jana",$3423,$3330,2.81%,$94
142,Lindseys,Pasadena Lindseys,"Rodriguez, Calista",$3420,$4360,-21.56%,($940)
143,Fashions Direct,Washington Fashions Direct,"Espinoza, Brynn",$3341,$18396,-81.84%,($15055)
144,Lindseys,Wilson Lindseys,"Mccray, Nayda",$3340,$1342,148.88%,$1998
145,Lindseys,Ft. Oglethorpe Lindseys,"Mendez, Jerry",$3337,$7051,-52.68%,($3714)
146,Fashions Direct,Monroeville Fashions Direct,"Hubbard, Quintessa",$3288,$11793,-72.12%,($8505)
147,Fashions Direct,Washington Fashions Direct,"Hubbard, Quintessa",$3101,$13164,-76.45%,($10064)
148,Fashions Direct,Monroeville Fashions Direct,"Wright, Howard",$3087,$385,701.66%,$2702
149,Fashions Direct,York Fashions Direct,"Barrett, Galvin",$3085,,,$3085
150,Lindseys,Ft. Oglethorpe Lindseys,"Mckenzie, Aphrodite",$3059,$3064,-0.16%,($5)
151,Lindseys,Ft. Oglethorpe Lindseys,"Gentry, Elizabeth",$3057,$933,227.56%,$2124
152,Fashions Direct,Sharonville Fashions Direct,"Monroe, Cody",$3038,$5019,-39.47%,($1981)
153,Fashions Direct,Washington Fashions Direct,"Monroe, Cody",$3005,$7384,-59.30%,($4379)
154,Fashions Direct,Cincinnati 2 Fashions Direct,"Thomas, Shellie",$2994,,,$2994
155,Lindseys,Knoxville Lindseys,"Pierce, Amery",$2993,,,$2993
156,Fashions Direct,Cincinnati 2 Fashions Direct,"Garcia, Jeremy",$2953,$1379,114.11%,$1574
157,Lindseys,Knoxville Lindseys,"Kelley, Courtney",$2925,$2397,22.00%,$527
158,Lindseys,Knoxville Lindseys,"Watson, Skyler",$2913,$2812,3.59%,$101
159,Lindseys,Knoxville Lindseys,"Thomas, Shellie",$2895,,,$2895
160,Lindseys,Knoxville Lindseys,"Wood, Jana",$2890,$3078,-6.11%,($188)
161,Fashions Direct,Winchester Fashions Direct,"Espinoza, Brynn",$2857,$25486,-88.79%,($22630)
162,Fashions Direct,Monroeville Fashions Direct,"Espinoza, Brynn",$2668,$19938,-86.62%,($17270)
163,Fashions Direct,Washington Fashions Direct,"Carney, Noelle",$2624,$1131,131.93%,$1493
164,Lindseys,Wilson Lindseys,"Nelson, Leandra",$2583,$1452,77.95%,$1132
165,Fashions Direct,Cincinnati 2 Fashions Direct,"Petty, Perry",$2568,,,$2568
166,Fashions Direct,Sharonville Fashions Direct,"Espinoza, Brynn",$2461,$17425,-85.88%,($14964)
167,Fashions Direct,Monroeville Fashions Direct,"Barrett, Galvin",$2424,,,$2424
168,Fashions Direct,Monroeville Fashions Direct,"Long, Amy",$2361,,,$2361
169,Lindseys,Ft. Oglethorpe Lindseys,"Watson, Skyler",$2338,$5193,-54.99%,($2855)
170,Lindseys,Ft. Oglethorpe Lindseys,"Carr, Slade",$2321,$1838,26.29%,$483
171,Lindseys,Knoxville Lindseys,"Mckenzie, Aphrodite",$2293,$4109,-44.21%,($1817)
172,Fashions Direct,Winchester Fashions Direct,"Barrett, Galvin",$2234,,,$2234
173,Lindseys,Knoxville Lindseys,"Whitley, Blair",$2224,$1386,60.48%,$838
174,Lindseys,Knoxville Lindseys,"Mccray, Nayda",$2222,$2835,-21.60%,($612)
175,Fashions Direct,Winchester Fashions Direct,"Wright, Howard",$2162,$552,291.96%,$1611
176,Fashions Direct,York Fashions Direct,"Hubbard, Quintessa",$2034,$11441,-82.22%,($9407)
177,Lindseys,Ft. Oglethorpe Lindseys,"Whitley, Blair",$2025,$1626,24.51%,$399
178,Fashions Direct,Winchester Fashions Direct,"Long, Amy",$2017,,,$2017
179,Fashions Direct,Cincinnati 2 Fashions Direct,"Kelley, Courtney",$1967,$2615,-24.79%,($648)
180,Fashions Direct,Monroeville Fashions Direct,"Carney, Noelle",$1963,$691,184.13%,$1272
181,Lindseys,Ft. Oglethorpe Lindseys,"Nelson, Leandra",$1950,$1332,46.44%,$619
182,Fashions Direct,Sharonville Fashions Direct,"Nguyen, Cecilia",$1943,,,$1943
183,Fashions Direct,Washington Fashions Direct,"Wright, Howard",$1941,$1135,71.04%,$806
184,Lindseys,Ft. Oglethorpe Lindseys,"Mendez, Emerald",$1925,,,$1925
185,Lindseys,Knoxville Lindseys,"Mendez, Emerald",$1917,,,$1917
186,Lindseys,Knoxville Lindseys,"Nelson, Leandra",$1838,$1194,53.91%,$644
187,Fashions Direct,York Fashions Direct,"Monroe, Cody",$1830,$6331,-71.10%,($4501)
188,Fashions Direct,Cincinnati 2 Fashions Direct,"Long, Amy",$1790,,,$1790
189,Fashions Direct,Sharonville Fashions Direct,"Hubbard, Quintessa",$1776,$10689,-83.39%,($8914)
190,Fashions Direct,Cincinnati 2 Fashions Direct,"Barrett, Galvin",$1758,,,$1758
191,Lindseys,Knoxville Lindseys,"Gentry, Elizabeth",$1704,$596,186.16%,$1109
192,Fashions Direct,Sharonville Fashions Direct,"Long, Amy",$1691,,,$1691
193,Lindseys,Wilson Lindseys,"Monroe, Cody",$1581,$1139,38.86%,$442
194,Lindseys,Pasadena Lindseys,"Buchanan, Alma",$1541,$2634,-41.52%,($1094)
195,Fashions Direct,Winchester Fashions Direct,"Carney, Noelle",$1492,$540,176.10%,$951
196,Lindseys,Ft. Oglethorpe Lindseys,"Mccray, Nayda",$1482,$2380,-37.73%,($898)
197,Lindseys,Wilson Lindseys,"Carr, Slade",$1440,$2273,-36.63%,($833)
198,Lindseys,Pasadena Lindseys,"Watson, Skyler",$1420,$1962,-27.65%,($543)
199,Fashions Direct,Sharonville Fashions Direct,"Carney, Noelle",$1288,$796,61.87%,$492
200,Lindseys,Ft. Oglethorpe Lindseys,"Thomas, Shellie",$1272,,,$1272
201,Fashions Direct,Sharonville Fashions Direct,"Wright, Howard",$1264,$360,250.67%,$903
202,Lindseys,Pasadena Lindseys,"Pierce, Amery",$1227,,,$1227
203,Fashions Direct,Monroeville Fashions Direct,"Nguyen, Cecilia",$1219,,,$1219
204,Fashions Direct,Cincinnati 2 Fashions Direct,"Monroe, Cody",$1199,$1958,-38.78%,($759)
205,Lindseys,Knoxville Lindseys,"Perkins, Thor",$1163,$730,59.22%,$432
206,Lindseys,Wilson Lindseys,"Hubbard, Quintessa",$1107,$955,16.00%,$153
207,Lindseys,Ft. Oglethorpe Lindseys,"Perkins, Thor",$1087,$1103,-1.51%,($17)
208,Fashions Direct,York Fashions Direct,"Espinoza, Brynn",$1081,$14930,-92.76%,($13848)
209,Lindseys,Knoxville Lindseys,"Gardner, Pascale",$1074,,,$1074
210,Fashions Direct,York Fashions Direct,"Nguyen, Cecilia",$1057,,,$1057
211,Fashions Direct,Washington Fashions Direct,"Nguyen, Cecilia",$1050,$13,7983.76%,$1037
212,Fashions Direct,York Fashions Direct,"Wright, Howard",$988,$934,5.72%,$53
213,Lindseys,Knoxville Lindseys,"Carr, Slade",$967,$1654,-41.55%,($687)
214,Lindseys,Pasadena Lindseys,"Mendez, Jerry",$937,$2552,-63.28%,($1615)
215,Lindseys,Pasadena Lindseys,"Whitley, Blair",$915,$927,-1.37%,($13)
216,Lindseys,Wilson Lindseys,"Espinoza, Brynn",$905,$4462,-79.71%,($3557)
217,Lindseys,Wilson Lindseys,"Thomas, Shellie",$902,,,$902
218,Lindseys,Wilson Lindseys,"Mendez, Emerald",$892,,,$892
219,Fashions Direct,Cincinnati 2 Fashions Direct,"Hubbard, Quintessa",$874,$6095,-85.65%,($5220)
220,Lindseys,Pasadena Lindseys,"Kelley, Courtney",$866,$1520,-43.01%,($654)
221,Lindseys,Pasadena Lindseys,"Gentry, Elizabeth",$865,$357,141.85%,$507
222,Lindseys,Wilson Lindseys,"Petty, Perry",$851,,,$851
223,Lindseys,Ft. Oglethorpe Lindseys,"Monroe, Cody",$849,$1058,-19.79%,($209)
224,Fashions Direct,York Fashions Direct,"Carney, Noelle",$834,$139,500.71%,$695
225,Lindseys,Pasadena Lindseys,"Mckenzie, Aphrodite",$825,$1831,-54.96%,($1006)
226,Lindseys,Pasadena Lindseys,"Thomas, Shellie",$809,,,$809
227,Lindseys,Wilson Lindseys,"Gardner, Pascale",$805,,,$805
228,Fashions Direct,Winchester Fashions Direct,"Nguyen, Cecilia",$791,,,$791
229,Lindseys,Ft. Oglethorpe Lindseys,"Petty, Perry",$775,,,$775
230,Lindseys,Ft. Oglethorpe Lindseys,"Gardner, Pascale",$742,,,$742
231,Lindseys,Wilson Lindseys,"Long, Amy",$707,,,$707
232,Lindseys,Pasadena Lindseys,"Mendez, Emerald",$667,,,$667
233,Lindseys,Pasadena Lindseys,"Wood, Jana",$604,$1040,-41.93%,($436)
234,Lindseys,Pasadena Lindseys,"Carr, Slade",$603,$91,560.36%,$512
235,Lindseys,Pasadena Lindseys,"Mccray, Nayda",$600,$972,-38.25%,($372)
236,Lindseys,Ft. Oglethorpe Lindseys,"Nguyen, Cecilia",$597,$143,317.97%,$454
237,Lindseys,Wilson Lindseys,"Perkins, Thor",$587,$471,24.57%,$116
238,Lindseys,Pasadena Lindseys,"Nelson, Leandra",$585,$260,124.66%,$325
239,Fashions Direct,Cincinnati 2 Fashions Direct,"Carney, Noelle",$579,$121,377.27%,$458
240,Lindseys,Ft. Oglethorpe Lindseys,"Long, Amy",$539,,,$539
241,Lindseys,Pasadena Lindseys,"Gardner, Pascale",$527,,,$527
242,Lindseys,Knoxville Lindseys,"Monroe, Cody",$510,$980,-47.95%,($470)
243,Fashions Direct,Cincinnati 2 Fashions Direct,"Wright, Howard",$498,$553,-9.87%,($55)
244,Lindseys,Knoxville Lindseys,"Robertson, Lillith",$494,$859,-42.55%,($366)
245,Lindseys,Ft. Oglethorpe Lindseys,"Barrett, Galvin",$483,,,$483
246,Lindseys,Ft. Oglethorpe Lindseys,"Burris, Blair",$460,,,$460
247,Lindseys,Wilson Lindseys,"Barrett, Galvin",$458,,,$458
248,Lindseys,Wilson Lindseys,"Wright, Howard",$391,$13,2907.47%,$378
249,Lindseys,Ft. Oglethorpe Lindseys,"Robertson, Lillith",$376,$967,-61.15%,($592)
250,Lindseys,Pasadena Lindseys,"Long, Amy",$293,,,$293
251,Fashions Direct,Sharonville Fashions Direct,"HOUSE, HOUSE",$274,,,$274
252,Lindseys,Wilson Lindseys,"Nguyen, Cecilia",$270,$130,107.71%,$140
253,Lindseys,Pasadena Lindseys,"Burris, Blair",$265,,,$265
254,Lindseys,Ft. Oglethorpe Lindseys,"Garcia, Jeremy",$264,$299,-11.57%,($35)
255,Fashions Direct,Washington Fashions Direct,"Harper, Ferdinand",$246,$6416,-96.16%,($6170)
256,Fashions Direct,Monroeville Fashions Direct,"HOUSE, HOUSE",$242,,,$242
257,Lindseys,Wilson Lindseys,"Robertson, Lillith",$240,$347,-30.83%,($107)
258,Fashions Direct,Winchester Fashions Direct,"Ward, Kermit",$239,$43802,-99.45%,($43563)
259,Lindseys,Pasadena Lindseys,"HOUSE, HOUSE",$234,,,$234
260,Lindseys,Knoxville Lindseys,"Petty, Perry",$216,,,$216
261,Lindseys,Pasadena Lindseys,"Monroe, Cody",$213,$419,-49.13%,($206)
262,Fashions Direct,Washington Fashions Direct,"Cardenas, Jayme",$204,,,$204
263,Fashions Direct,Winchester Fashions Direct,"Harper, Ferdinand",$189,$8947,-97.89%,($8759)
264,Lindseys,Knoxville Lindseys,"Garcia, Jeremy",$185,$496,-62.70%,($311)
265,Lindseys,Wilson Lindseys,"Garcia, Jeremy",$177,$688,-74.28%,($511)
266,Lindseys,Pasadena Lindseys,"Garcia, Jeremy",$175,$81,116.78%,$95
267,Lindseys,Knoxville Lindseys,"Barrett, Galvin",$175,,,$175
268,Fashions Direct,Winchester Fashions Direct,"Ferrell, Sara",$175,,,$175
269,Lindseys,Pasadena Lindseys,"Petty, Perry",$173,,,$173
270,Fashions Direct,Winchester Fashions Direct,"HOUSE, HOUSE",$169,,,$169
271,Lindseys,Pasadena Lindseys,"Robertson, Lillith",$164,$60,174.48%,$104
272,Lindseys,Knoxville Lindseys,"Long, Amy",$162,,,$162
273,Lindseys,Knoxville Lindseys,"Hubbard, Quintessa",$155,$2619,-94.08%,($2464)
274,Lindseys,Pasadena Lindseys,"Perkins, Thor",$143,$191,-25.03%,($48)
275,Lindseys,Ft. Oglethorpe Lindseys,"HOUSE, HOUSE",$128,,,$128
276,Fashions Direct,Monroeville Fashions Direct,"Ward, Kermit",$126,$32037,-99.61%,($31912)
277,Lindseys,Ft. Oglethorpe Lindseys,"Hubbard, Quintessa",$121,$2400,-94.96%,($2279)
278,Fashions Direct,Cincinnati 2 Fashions Direct,"HOUSE, HOUSE",$120,,,$120
279,Fashions Direct,Sharonville Fashions Direct,"Patel, Branden",$118,$30,292.80%,$88
280,Fashions Direct,York Fashions Direct,"HOUSE, HOUSE",$110,,,$110
281,Fashions Direct,Sharonville Fashions Direct,"Bridges, Blossom",$101,$2064,-95.08%,($1962)
282,Fashions Direct,Monroeville Fashions Direct,"Harper, Ferdinand",$101,$8498,-98.82%,($8397)
283,Fashions Direct,Washington Fashions Direct,"HOUSE, HOUSE",$91,,,$91
284,Lindseys,Pasadena Lindseys,"Hubbard, Quintessa",$80,$2433,-96.71%,($2353)
285,Fashions Direct,Cincinnati 2 Fashions Direct,"Richardson, Mikayla",$78,,,$78
286,Fashions Direct,Winchester Fashions Direct,"Burris, Blair",$78,,,$78
287,Fashions Direct,Cincinnati 2 Fashions Direct,"Espinoza, Brynn",$61,$9006,-99.33%,($8946)
288,Fashions Direct,York Fashions Direct,"Chase, Freya",$60,,,$60
289,Fashions Direct,Monroeville Fashions Direct,"Richardson, Mikayla",$56,$21,166.29%,$35
290,Lindseys,Ft. Oglethorpe Lindseys,"Espinoza, Brynn",$52,$3183,-98.37%,($3131)
291,Lindseys,Wilson Lindseys,"HOUSE, HOUSE",$52,,,$52
292,Fashions Direct,Washington Fashions Direct,"Snow, Leilani",$45,$8,438.01%,$37
293,Fashions Direct,Washington Fashions Direct,"Ward, Kermit",$41,$30525,-99.87%,($30484)
294,Fashions Direct,Washington Fashions Direct,"Ferrell, Sara",$41,$30,36.57%,$11
295,Fashions Direct,York Fashions Direct,"Harper, Ferdinand",$40,$7285,-99.45%,($7245)
296,Lindseys,Knoxville Lindseys,"Nguyen, Cecilia",$38,$91,-58.23%,($53)
297,Fashions Direct,Monroeville Fashions Direct,"Ray, Violet",$37,$7739,-99.52%,($7702)
298,Fashions Direct,York Fashions Direct,"Patel, Branden",$36,$11,216.24%,$24
299,Fashions Direct,York Fashions Direct,"Cardenas, Jayme",$32,,,$32
300,Lindseys,Knoxville Lindseys,"Espinoza, Brynn",$31,$1639,-98.11%,($1609)
301,Lindseys,Pasadena Lindseys,"Barrett, Galvin",$28,,,$28
302,Fashions Direct,Sharonville Fashions Direct,"Ferrell, Sara",$28,$108,-74.05%,($80)
303,Fashions Direct,Monroeville Fashions Direct,"Patel, Branden",$27,$52,-47.99%,($25)
304,Lindseys,Ft. Oglethorpe Lindseys,"Harper, Ferdinand",$27,$1252,-97.84%,($1225)
305,Fashions Direct,Washington Fashions Direct,"Patel, Branden",$27,$31,-12.18%,($4)
306,Fashions Direct,Winchester Fashions Direct,"Clemons, Uma",$26,$242,-89.29%,($216)
307,Lindseys,Knoxville Lindseys,"HOUSE, HOUSE",$26,,,$26
308,Fashions Direct,Sharonville Fashions Direct,"Harper, Ferdinand",$26,$12719,-99.80%,($12693)
309,Fashions Direct,Sharonville Fashions Direct,"Ward, Kermit",$22,$36672,-99.94%,($36650)
310,Lindseys,Wilson Lindseys,"Ward, Kermit",$21,$9349,-99.78%,($9328)
311,Fashions Direct,Winchester Fashions Direct,"Nash, Colorado",$17,$68,-74.98%,($51)
312,Fashions Direct,Cincinnati 2 Fashions Direct,"Patel, Branden",$15,,,$15
313,Fashions Direct,York Fashions Direct,"Snow, Leilani",$13,$8,75.79%,$6
314,Fashions Direct,Sharonville Fashions Direct,"Montgomery, Ciaran",$12,$459,-97.39%,($447)
315,Lindseys,Pasadena Lindseys,"Espinoza, Brynn",$12,$957,-98.75%,($945)
316,Lindseys,Wilson Lindseys,"Pearson, Alexandra",$12,,,$12
317,Fashions Direct,Winchester Fashions Direct,"Bridges, Blossom",$9,$3731,-99.76%,($3722)
318,Fashions Direct,Winchester Fashions Direct,"Patel, Branden",$8,$11,-24.68%,($3)
319,Lindseys,Ft. Oglethorpe Lindseys,"Ferrell, Sara",$8,,,$8
320,Lindseys,Pasadena Lindseys,"Nguyen, Cecilia",$8,,,$8
321,Fashions Direct,Cincinnati 2 Fashions Direct,"Harper, Ferdinand",$8,$2265,-99.65%,($2257)
322,Fashions Direct,Washington Fashions Direct,"Bolton, Marshall",$6,$7468,-99.92%,($7462)
323,Fashions Direct,Washington Fashions Direct,"Owens, Bryar",$6,,,$6
324,Fashions Direct,Washington Fashions Direct,"Nash, Colorado",$6,$11,-45.40%,($5)
325,Fashions Direct,Sharonville Fashions Direct,"Terry, Teegan",$6,$15,-60.11%,($9)
326,Lindseys,Ft. Oglethorpe Lindseys,"Patel, Branden",$5,,,$5
327,Lindseys,Wilson Lindseys,"Miles, Mikayla",$5,$2123,-99.76%,($2118)
328,Fashions Direct,Sharonville Fashions Direct,"Pruitt, Lillian",$4,$18,-77.14%,($14)
329,Lindseys,Ft. Oglethorpe Lindseys,"Wright, Howard",$4,$8,-49.87%,($4)
330,Fashions Direct,Monroeville Fashions Direct,"Bright, Evangeline",$3,$212,-98.37%,($209)
331,Fashions Direct,York Fashions Direct,"Ferrell, Sara",$3,$15,-79.99%,($12)
332,Fashions Direct,Washington Fashions Direct,"Bright, Evangeline",$3,,,$3
333,Fashions Direct,Monroeville Fashions Direct,"Snow, Leilani",$1,$3,-51.51%,($2)
334,Fashions Direct,Sharonville Fashions Direct,"Bolton, Marshall",$1,$5330,-99.98%,($5329)
335,Fashions Direct,Washington Fashions Direct,"Bridges, Blossom",$1,$4161,-99.98%,($4160)
336,Lindseys,Knoxville Lindseys,"Ward, Kermit",$1,$7371,-99.99%,($7370)
337,Fashions Direct,Monroeville Fashions Direct,"Miles, Mikayla",$0,$10372,-100.00%,($10372)
338,Fashions Direct,Washington Fashions Direct,"Pruitt, Lillian",$0,($2),-100.00%,$2
339,Fashions Direct,Cincinnati 2 Fashions Direct,"Bridges, Blossom",,$421,-100.00%,($421)
340,Fashions Direct,Cincinnati 2 Fashions Direct,"Ferrell, Sara",,$32,-100.00%,($32)
341,Fashions Direct,Cincinnati 2 Fashions Direct,"George, Chester",,$20,-100.00%,($20)
342,Fashions Direct,Cincinnati 2 Fashions Direct,"Hammond, Adria",,$236,-100.00%,($236)
343,Fashions Direct,Cincinnati 2 Fashions Direct,"Jordan, Keely",,$3,-100.00%,($3)
344,Fashions Direct,Cincinnati 2 Fashions Direct,"Kane, Wynne",,$9,-100.00%,($9)
345,Fashions Direct,Cincinnati 2 Fashions Direct,"Lynn, Farrah",,$3,-100.00%,($3)
346,Fashions Direct,Cincinnati 2 Fashions Direct,"Miles, Mikayla",,$1343,-100.00%,($1343)
347,Fashions Direct,Cincinnati 2 Fashions Direct,"Montgomery, Ciaran",,$33,-100.00%,($33)
348,Fashions Direct,Cincinnati 2 Fashions Direct,"Nash, Colorado",,$5,-100.00%,($5)
349,Fashions Direct,Cincinnati 2 Fashions Direct,"Ray, Violet",,$2420,-100.00%,($2420)
350,Fashions Direct,Cincinnati 2 Fashions Direct,"Richard, Blaine",,$13,-100.00%,($13)
351,Fashions Direct,Cincinnati 2 Fashions Direct,"Snow, Leilani",,$4,-100.00%,($4)
352,Fashions Direct,Cincinnati 2 Fashions Direct,"Terry, Teegan",,$4,-100.00%,($4)
353,Fashions Direct,Cincinnati 2 Fashions Direct,"Ward, Kermit",,$10843,-100.00%,($10843)
354,Fashions Direct,Monroeville Fashions Direct,"Bolton, Marshall",,$9005,-100.00%,($9005)
355,Fashions Direct,Monroeville Fashions Direct,"Bridges, Blossom",,$3008,-100.00%,($3008)
356,Fashions Direct,Monroeville Fashions Direct,"Cardenas, Jayme",,$10,-100.00%,($10)
357,Fashions Direct,Monroeville Fashions Direct,"Clemons, Uma",,$1219,-100.00%,($1219)
358,Fashions Direct,Monroeville Fashions Direct,"George, Chester",,$2,-100.00%,($2)
359,Fashions Direct,Monroeville Fashions Direct,"Hammond, Adria",,$4233,-100.00%,($4233)
360,Fashions Direct,Monroeville Fashions Direct,"Jordan, Keely",,$431,-100.00%,($431)
361,Fashions Direct,Monroeville Fashions Direct,"Kane, Wynne",,$6,-100.00%,($6)
362,Fashions Direct,Monroeville Fashions Direct,"Lynn, Farrah",,$27,-100.00%,($27)
363,Fashions Direct,Monroeville Fashions Direct,"Montgomery, Ciaran",,$317,-100.00%,($317)
364,Fashions Direct,Monroeville Fashions Direct,"Nash, Colorado",,$6,-100.00%,($6)
365,Fashions Direct,Monroeville Fashions Direct,"Richard, Blaine",,$87,-100.00%,($87)
366,Fashions Direct,Monroeville Fashions Direct,"Terry, Teegan",,$6,-100.00%,($6)
367,Fashions Direct,Monroeville Fashions Direct,"Wilkinson, Axel",,$170,-100.00%,($170)
368,Fashions Direct,Monroeville Fashions Direct,"Wyatt, Baker",,$89,-100.00%,($89)
369,Fashions Direct,Sharonville Fashions Direct,"Cardenas, Jayme",,$1,-100.00%,($1)
370,Fashions Direct,Sharonville Fashions Direct,"Clemons, Uma",,$118,-100.00%,($118)
371,Fashions Direct,Sharonville Fashions Direct,"Hammond, Adria",,$1541,-100.00%,($1541)
372,Fashions Direct,Sharonville Fashions Direct,"Jordan, Keely",,$117,-100.00%,($117)
373,Fashions Direct,Sharonville Fashions Direct,"Kane, Wynne",,$36,-100.00%,($36)
374,Fashions Direct,Sharonville Fashions Direct,"Lynn, Farrah",,$4,-100.00%,($4)
375,Fashions Direct,Sharonville Fashions Direct,"Mathis, Blake",,($50),-100.00%,$50
376,Fashions Direct,Sharonville Fashions Direct,"Miles, Mikayla",,$5177,-100.00%,($5177)
377,Fashions Direct,Sharonville Fashions Direct,"Nash, Colorado",,$53,-100.00%,($53)
378,Fashions Direct,Sharonville Fashions Direct,"Ray, Violet",,$7378,-100.00%,($7378)
379,Fashions Direct,Sharonville Fashions Direct,"Richard, Blaine",,$80,-100.00%,($80)
380,Fashions Direct,Sharonville Fashions Direct,"Snow, Leilani",,$22,-100.00%,($22)
381,Fashions Direct,Washington Fashions Direct,"Clemons, Uma",,$168,-100.00%,($168)
382,Fashions Direct,Washington Fashions Direct,"Jordan, Keely",,$193,-100.00%,($193)
383,Fashions Direct,Washington Fashions Direct,"Kane, Wynne",,$18,-100.00%,($18)
384,Fashions Direct,Washington Fashions Direct,"Lynn, Farrah",,$114,-100.00%,($114)
385,Fashions Direct,Washington Fashions Direct,"Miles, Mikayla",,$6886,-100.00%,($6886)
386,Fashions Direct,Washington Fashions Direct,"Ray, Violet",,$7948,-100.00%,($7948)
387,Fashions Direct,Washington Fashions Direct,"Richard, Blaine",,$34,-100.00%,($34)
388,Fashions Direct,Washington Fashions Direct,"Terry, Teegan",,$10,-100.00%,($10)
389,Fashions Direct,Washington Fashions Direct,"Wilkinson, Axel",,($1),-100.00%,$1
390,Fashions Direct,Washington Fashions Direct,"Wyatt, Baker",,$105,-100.00%,($105)
391,Fashions Direct,Winchester Fashions Direct,"Bell, Hyacinth",,$1,-100.00%,($1)
392,Fashions Direct,Winchester Fashions Direct,"Bolton, Marshall",,$6285,-100.00%,($6285)
393,Fashions Direct,Winchester Fashions Direct,"George, Chester",,$42,-100.00%,($42)
394,Fashions Direct,Winchester Fashions Direct,"Hammond, Adria",,$2728,-100.00%,($2728)
395,Fashions Direct,Winchester Fashions Direct,"Jordan, Keely",,$641,-100.00%,($641)
396,Fashions Direct,Winchester Fashions Direct,"Lynn, Farrah",,$146,-100.00%,($146)
397,Fashions Direct,Winchester Fashions Direct,"Miles, Mikayla",,$7940,-100.00%,($7940)
398,Fashions Direct,Winchester Fashions Direct,"Montgomery, Ciaran",,$708,-100.00%,($708)
399,Fashions Direct,Winchester Fashions Direct,"Richard, Blaine",,$237,-100.00%,($237)
400,Fashions Direct,Winchester Fashions Direct,"Wilkinson, Axel",,$19,-100.00%,($19)
401,Fashions Direct,York Fashions Direct,"Bolton, Marshall",,$2724,-100.00%,($2724)
402,Fashions Direct,York Fashions Direct,"Bridges, Blossom",,$2540,-100.00%,($2540)
403,Fashions Direct,York Fashions Direct,"Clemons, Uma",,$129,-100.00%,($129)
404,Fashions Direct,York Fashions Direct,"George, Chester",,$8,-100.00%,($8)
405,Fashions Direct,York Fashions Direct,"Hammond, Adria",,$1766,-100.00%,($1766)
406,Fashions Direct,York Fashions Direct,"Jordan, Keely",,$60,-100.00%,($60)
407,Fashions Direct,York Fashions Direct,"Lynn, Farrah",,$2,-100.00%,($2)
408,Fashions Direct,York Fashions Direct,"Mathis, Blake",,$0,,$0
409,Fashions Direct,York Fashions Direct,"Miles, Mikayla",,$5682,-100.00%,($5682)
410,Fashions Direct,York Fashions Direct,"Montgomery, Ciaran",,$172,-100.00%,($172)
411,Fashions Direct,York Fashions Direct,"Nash, Colorado",,$132,-100.00%,($132)
412,Fashions Direct,York Fashions Direct,"Pruitt, Lillian",,$1,-100.00%,($1)
413,Fashions Direct,York Fashions Direct,"Ray, Violet",,$6950,-100.00%,($6950)
414,Fashions Direct,York Fashions Direct,"Richard, Blaine",,$22,-100.00%,($22)
415,Fashions Direct,York Fashions Direct,"Ward, Kermit",,$33468,-100.00%,($33468)
416,Fashions Direct,York Fashions Direct,"Wyatt, Baker",,($13),-100.00%,$13
417,Lindseys,Ft. Oglethorpe Lindseys,"Bolton, Marshall",,$183,-100.00%,($183)
418,Lindseys,Ft. Oglethorpe Lindseys,"Bridges, Blossom",,$191,-100.00%,($191)
419,Lindseys,Ft. Oglethorpe Lindseys,"Clemons, Uma",,$1,-100.00%,($1)
420,Lindseys,Ft. Oglethorpe Lindseys,"Hammond, Adria",,$296,-100.00%,($296)
421,Lindseys,Ft. Oglethorpe Lindseys,"Miles, Mikayla",,$419,-100.00%,($419)
422,Lindseys,Ft. Oglethorpe Lindseys,"Montgomery, Ciaran",,$4,-100.00%,($4)
423,Lindseys,Ft. Oglethorpe Lindseys,"Ray, Violet",,$586,-100.00%,($586)
424,Lindseys,Ft. Oglethorpe Lindseys,"Richard, Blaine",,$64,-100.00%,($64)
425,Lindseys,Ft. Oglethorpe Lindseys,"Ward, Kermit",,$12867,-100.00%,($12867)
426,Lindseys,Knoxville Lindseys,"Bolton, Marshall",,$267,-100.00%,($267)
427,Lindseys,Knoxville Lindseys,"Bridges, Blossom",,$471,-100.00%,($471)
428,Lindseys,Knoxville Lindseys,"Clemons, Uma",,$87,-100.00%,($87)
429,Lindseys,Knoxville Lindseys,"Hammond, Adria",,$325,-100.00%,($325)
430,Lindseys,Knoxville Lindseys,"Harper, Ferdinand",,$852,-100.00%,($852)
431,Lindseys,Knoxville Lindseys,"Miles, Mikayla",,$465,-100.00%,($465)
432,Lindseys,Knoxville Lindseys,"Montgomery, Ciaran",,$4,-100.00%,($4)
433,Lindseys,Knoxville Lindseys,"Patel, Branden",,$2,-100.00%,($2)
434,Lindseys,Knoxville Lindseys,"Ray, Violet",,$552,-100.00%,($552)
435,Lindseys,Knoxville Lindseys,"Wright, Howard",,$18,-100.00%,($18)
436,Lindseys,Pasadena Lindseys,"Bolton, Marshall",,$18,-100.00%,($18)
437,Lindseys,Pasadena Lindseys,"Bridges, Blossom",,$163,-100.00%,($163)
438,Lindseys,Pasadena Lindseys,"Hammond, Adria",,$4,-100.00%,($4)
439,Lindseys,Pasadena Lindseys,"Harper, Ferdinand",,$127,-100.00%,($127)
440,Lindseys,Pasadena Lindseys,"Miles, Mikayla",,$344,-100.00%,($344)
441,Lindseys,Pasadena Lindseys,"Montgomery, Ciaran",,$4,-100.00%,($4)
442,Lindseys,Pasadena Lindseys,"Ray, Violet",,$156,-100.00%,($156)
443,Lindseys,Pasadena Lindseys,"Ward, Kermit",,$2419,-100.00%,($2419)
444,Lindseys,Wilson Lindseys,"Bolton, Marshall",,$1201,-100.00%,($1201)
445,Lindseys,Wilson Lindseys,"Bridges, Blossom",,$592,-100.00%,($592)
446,Lindseys,Wilson Lindseys,"Ferrell, Sara",,$8,-100.00%,($8)
447,Lindseys,Wilson Lindseys,"Hammond, Adria",,$4454,-100.00%,($4454)
448,Lindseys,Wilson Lindseys,"Harper, Ferdinand",,$925,-100.00%,($925)
449,Lindseys,Wilson Lindseys,"Jordan, Keely",,$66,-100.00%,($66)
450,Lindseys,Wilson Lindseys,"Montgomery, Ciaran",,$18,-100.00%,($18)
451,Lindseys,Wilson Lindseys,"Ray, Violet",,$574,-100.00%,($574)
452,Lindseys,Wilson Lindseys,"Richard, Blaine",,$121,-100.00%,($121)
453,Lindseys,Wilson Lindseys,"Clemons, Uma",($4),$272,-101.46%,($276)
454,Fashions Direct,Washington Fashions Direct,"Mathis, Blake",($5),,,($5)
455,Fashions Direct,Winchester Fashions Direct,"Ray, Violet",($5),$6254,-100.08%,($6259)
456,Fashions Direct,Washington Fashions Direct,"Montgomery, Ciaran",($5),$277,-101.81%,($282)
457,Fashions Direct,Cincinnati 2 Fashions Direct,"Bolton, Marshall",($7),$709,-100.99%,($716)
458,Fashions Direct,Monroeville Fashions Direct,"Ferrell, Sara",($12),$2,-702.51%,($14)
459,Fashions Direct,Washington Fashions Direct,"Hammond, Adria",($15),$5949,-100.25%,($5964)
460,Fashions Direct,Cincinnati 2 Fashions Direct,"Clemons, Uma",($50),,,($50)
